-- phpMyAdmin SQL Dump
-- version 4.9.0.1
-- https://www.phpmyadmin.net/
--
-- Host: 127.0.0.1:3306
-- Generation Time: Aug 07, 2024 at 09:43 AM
-- Server version: 10.3.17-MariaDB
-- PHP Version: 7.3.9

SET SQL_MODE = "NO_AUTO_VALUE_ON_ZERO";
SET AUTOCOMMIT = 0;
START TRANSACTION;
SET time_zone = "+00:00";


/*!40101 SET @OLD_CHARACTER_SET_CLIENT=@@CHARACTER_SET_CLIENT */;
/*!40101 SET @OLD_CHARACTER_SET_RESULTS=@@CHARACTER_SET_RESULTS */;
/*!40101 SET @OLD_COLLATION_CONNECTION=@@COLLATION_CONNECTION */;
/*!40101 SET NAMES utf8mb4 */;

--
-- Database: `qsadmin_niyogyugan_scoring`
--

-- --------------------------------------------------------

--
-- Table structure for table `account_activity_logs`
--

CREATE TABLE `account_activity_logs` (
  `log_id` bigint(20) NOT NULL COMMENT 'ID No.',
  `timestamp` datetime NOT NULL DEFAULT current_timestamp() COMMENT 'Date Committed',
  `username` varchar(50) NOT NULL COMMENT 'Account',
  `action_type` enum('LOGIN','LOGOUT','CREATE','UPDATE','DELETE') NOT NULL COMMENT 'Action Type',
  `action` longtext CHARACTER SET utf8mb4 COLLATE utf8mb4_bin NOT NULL COMMENT 'Log Description'
) ENGINE=InnoDB DEFAULT CHARSET=utf8;

--
-- Dumping data for table `account_activity_logs`
--

INSERT INTO `account_activity_logs` (`log_id`, `timestamp`, `username`, `action_type`, `action`) VALUES
(1, '2024-07-26 14:41:30', '12296', 'LOGIN', 'IVAN DAVID DIONCO(12296) logged-in.'),
(2, '2024-07-26 14:41:41', '12296', 'LOGOUT', 'IVAN DAVID DIONCO(12296) logged-out.'),
(3, '2024-07-30 10:31:38', '12296', 'LOGIN', 'IVAN DAVID DIONCO(12296) logged-in.'),
(4, '2024-07-30 10:46:59', '12296', 'LOGOUT', 'IVAN DAVID DIONCO(12296) logged-out.'),
(5, '2024-07-30 10:47:14', '12296', 'LOGIN', 'IVAN DAVID DIONCO(12296) logged-in.'),
(6, '2024-07-30 10:47:37', '12296', 'UPDATE', 'Updated Profile Picture of Account No. (12296)'),
(7, '2024-07-30 10:59:12', '12296', 'UPDATE', 'Updated Profile Picture of Account No. (12296)'),
(8, '2024-07-30 10:59:43', '12296', 'LOGOUT', 'IVAN DAVID DIONCO(12296) logged-out.'),
(9, '2024-07-30 10:59:53', '12296', 'LOGIN', 'IVAN DAVID DIONCO(12296) logged-in.'),
(10, '2024-07-30 11:05:26', '12296', 'LOGOUT', 'IVAN DAVID DIONCO(12296) logged-out.'),
(11, '2024-07-30 11:05:47', '12296', 'LOGIN', 'IVAN DAVID DIONCO(12296) logged-in.'),
(12, '2024-07-30 11:06:35', '12296', 'UPDATE', 'Updated Profile Picture of Account No. (12296)'),
(13, '2024-07-30 11:30:54', '12296', 'LOGOUT', 'IVAN DAVID DIONCO(12296) logged-out.'),
(14, '2024-07-30 11:31:37', '12296', 'LOGIN', 'IVAN DAVID DIONCO(12296) logged-in.'),
(15, '2024-07-30 11:32:34', '12296', 'UPDATE', 'Updated Password of Account No. (12296) to 12296'),
(16, '2024-07-30 11:33:24', '12296', 'LOGOUT', 'IVAN DAVID DIONCO(12296) logged-out.'),
(17, '2024-07-30 11:33:39', '12296', 'LOGIN', 'IVAN DAVID DIONCO(12296) logged-in.'),
(18, '2024-07-30 11:33:51', '12296', 'LOGOUT', 'IVAN DAVID DIONCO(12296) logged-out.'),
(19, '2024-07-30 11:36:59', '12296', 'LOGIN', 'IVAN DAVID DIONCO(12296) logged-in.'),
(20, '2024-07-30 11:37:17', '12296', 'LOGOUT', 'IVAN DAVID DIONCO(12296) logged-out.'),
(21, '2024-07-30 15:04:53', '12296', 'LOGIN', 'IVAN DAVID DIONCO(12296) logged-in.'),
(22, '2024-07-30 16:02:01', '12296', 'LOGOUT', 'IVAN DAVID DIONCO(12296) logged-out.'),
(23, '2024-07-31 10:00:09', '12296', 'LOGIN', 'IVAN DAVID DIONCO(12296) logged-in.'),
(24, '2024-07-31 10:00:20', '12296', 'UPDATE', 'Updated Password of Account No. (12296) to ivan'),
(25, '2024-07-31 10:01:41', '12296', 'LOGOUT', 'IVAN DAVID DIONCO(12296) logged-out.'),
(26, '2024-07-31 10:01:50', '12296', 'LOGIN', 'IVAN DAVID DIONCO(12296) logged-in.'),
(27, '2024-07-31 10:02:13', '12296', 'LOGOUT', 'IVAN DAVID DIONCO(12296) logged-out.'),
(28, '2024-07-31 10:03:44', '12296', 'LOGIN', 'IVAN DAVID DIONCO(12296) logged-in.'),
(29, '2024-07-31 10:14:32', '12296', 'LOGIN', 'IVAN DAVID DIONCO(12296) logged-in.'),
(30, '2024-07-31 14:25:11', '12296', 'LOGOUT', 'IVAN DAVID DIONCO(12296) logged-out.'),
(31, '2024-07-31 14:27:48', '12296', 'LOGIN', 'IVAN DAVID DIONCO(12296) logged-in.'),
(32, '2024-07-31 16:35:54', '12296', 'UPDATE', 'UPDATED Contest(Ginoong Niyogyugan) score of Municipality/City (AGDANGAN) from 200 to 201'),
(33, '2024-07-31 16:39:04', '12296', 'LOGOUT', 'IVAN DAVID DIONCO(12296) logged-out.'),
(34, '2024-08-01 08:22:48', '12296', 'LOGIN', 'IVAN DAVID DIONCO(12296) logged-in.'),
(35, '2024-08-01 08:23:06', '12296', 'UPDATE', 'UPDATED Contest(Ginoong Niyogyugan) score of Municipality/City (AGDANGAN) from 0 to 1'),
(36, '2024-08-01 08:23:44', '12296', 'UPDATE', 'UPDATED Contest(Ginoong Niyogyugan) score of Municipality/City (AGDANGAN) from 1 to 2099'),
(37, '2024-08-01 08:41:39', '12296', 'UPDATE', 'UPDATED Contest(Ginoong Niyogyugan) score of Municipality/City (AGDANGAN) from 2099 to 2109'),
(38, '2024-08-01 08:41:56', '12296', 'UPDATE', 'UPDATED Contest(Ginoong Niyogyugan) score of Municipality/City (AGDANGAN) from 2109 to 10'),
(39, '2024-08-01 09:09:51', '12296', 'LOGOUT', 'IVAN DAVID DIONCO(12296) logged-out.'),
(40, '2024-08-01 09:10:13', '12296', 'LOGIN', 'IVAN DAVID DIONCO(12296) logged-in.'),
(41, '2024-08-01 09:11:29', '12296', 'LOGOUT', 'IVAN DAVID DIONCO(12296) logged-out.'),
(42, '2024-08-01 09:13:19', '12296', 'LOGIN', 'IVAN DAVID DIONCO(12296) logged-in.'),
(43, '2024-08-01 09:54:37', '12296', 'LOGOUT', 'IVAN DAVID DIONCO(12296) logged-out.'),
(44, '2024-08-01 10:51:57', '12296', 'LOGIN', 'IVAN DAVID DIONCO(12296) logged-in.'),
(45, '2024-08-01 10:53:34', '12296', 'LOGOUT', 'IVAN DAVID DIONCO(12296) logged-out.'),
(46, '2024-08-01 10:53:59', '12296', 'LOGIN', 'IVAN DAVID DIONCO(12296) logged-in.'),
(47, '2024-08-01 16:19:51', '12296', 'LOGOUT', 'IVAN DAVID DIONCO(12296) logged-out.'),
(48, '2024-08-02 09:20:15', '12296', 'LOGIN', 'IVAN DAVID DIONCO(12296) logged-in.'),
(49, '2024-08-02 10:00:29', '12296', 'LOGOUT', 'IVAN DAVID DIONCO(12296) logged-out.'),
(50, '2024-08-02 10:04:58', '9999', 'LOGIN', 'LENEY C LAYGO(9999) logged-in.'),
(51, '2024-08-02 10:22:39', '9999', 'LOGOUT', 'LENEY C LAYGO(9999) logged-out.'),
(52, '2024-08-02 10:27:13', '9999', 'LOGIN', 'LENEY C. LAYGO(9999) logged-in.'),
(53, '2024-08-02 10:32:51', '9999', 'UPDATE', 'UPDATED Contest(Ginoong Niyogyugan) score of Municipality/City (PAGBILAO) from 0 to 100'),
(54, '2024-08-02 14:40:41', '9999', 'LOGOUT', 'LENEY C. LAYGO(9999) logged-out.'),
(55, '2024-08-02 16:11:35', '12296', 'LOGIN', 'IVAN DAVID DIONCO(12296) logged-in.'),
(56, '2024-08-02 16:19:57', '12296', 'LOGOUT', 'IVAN DAVID DIONCO(12296) logged-out.'),
(57, '2024-08-05 09:32:44', '12296', 'LOGIN', 'IVAN DAVID DIONCO(12296) logged-in.'),
(58, '2024-08-05 10:58:46', '9999', 'LOGIN', 'LENEY C. LAYGO(9999) logged-in.'),
(59, '2024-08-05 10:59:25', '9999', 'LOGOUT', 'LENEY C. LAYGO(9999) logged-out.'),
(60, '2024-08-06 11:25:44', '12296', 'LOGIN', 'IVAN DAVID DIONCO(12296) logged-in.'),
(61, '2024-08-06 12:51:55', '12296', 'LOGOUT', 'IVAN DAVID DIONCO(12296) logged-out.'),
(62, '2024-08-06 13:58:05', '12296', 'LOGIN', 'IVAN DAVID DIONCO(12296) logged-in.'),
(63, '2024-08-06 14:00:00', '12296', 'LOGOUT', 'IVAN DAVID DIONCO(12296) logged-out.'),
(64, '2024-08-06 14:00:32', '12296', 'LOGIN', 'IVAN DAVID DIONCO(12296) logged-in.'),
(65, '2024-08-06 14:06:49', '12296', 'LOGOUT', 'IVAN DAVID DIONCO(12296) logged-out.'),
(66, '2024-08-06 14:07:00', '12296', 'LOGIN', 'IVAN DAVID DIONCO(12296) logged-in.'),
(67, '2024-08-06 14:09:18', '12296', 'LOGOUT', 'IVAN DAVID DIONCO(12296) logged-out.'),
(68, '2024-08-06 14:13:10', '12296', 'LOGIN', 'IVAN DAVID DIONCO(12296) logged-in.'),
(69, '2024-08-06 15:30:22', '12296', 'LOGOUT', 'IVAN DAVID DIONCO(12296) logged-out.'),
(70, '2024-08-06 15:32:51', '12296', 'LOGIN', 'IVAN DAVID DIONCO(12296) logged-in.'),
(71, '2024-08-06 15:34:08', '12296', 'CREATE', 'Created New Account with following details: Username: 10000, Full Name: Shit, Permission: [1,1.01,1.02,1.03,2,3,3.01,3.02,3.03,3.04,3.05,4,4.01,4.02,5,5.01], Date Registered: 2024-08-06 15:34:06, Active Status: 1'),
(72, '2024-08-06 15:37:24', '12296', 'CREATE', 'Created New Account with following details: Username: 12297, Full Name: 12297, Permission: [1,1.01,1.02,1.03,2], Date Registered: 2024-08-06 15:37:22, Active Status: 1'),
(73, '2024-08-06 15:39:35', '12296', 'CREATE', 'Created New Account with following details: Username: 12298, Full Name: 12298, Permission: [2,1,1.01,1.02,1.03,4,4.01,4.02,3,3.01,3.02,3.03,3.04,3.05,5,5.01], Date Registered: 2024-08-06 15:39:33, Active Status: 1'),
(74, '2024-08-06 16:07:19', '12296', 'LOGOUT', 'IVAN DAVID DIONCO(12296) logged-out.'),
(75, '2024-08-07 13:42:31', '12296', 'LOGIN', 'IVAN DAVID DIONCO(12296) logged-in.'),
(76, '2024-08-07 13:44:36', '12296', 'LOGOUT', 'IVAN DAVID DIONCO(12296) logged-out.'),
(77, '2024-08-07 13:54:54', '12296', 'LOGIN', 'IVAN DAVID DIONCO(12296) logged-in.');

-- --------------------------------------------------------

--
-- Table structure for table `contests`
--

CREATE TABLE `contests` (
  `c_id` int(11) NOT NULL COMMENT 'ID No.',
  `c_name` varchar(255) NOT NULL COMMENT 'Contest Name'
) ENGINE=InnoDB DEFAULT CHARSET=utf8;

--
-- Dumping data for table `contests`
--

INSERT INTO `contests` (`c_id`, `c_name`) VALUES
(1, 'Ginoong Niyogyugan'),
(2, 'Binibining Niyogyugan'),
(3, 'Cocolympics - Coco Relay'),
(4, 'Cocolympics - Lambanog Relay'),
(5, 'Cocolympics - Game Ka Na Ba?'),
(6, 'Cocolympics - Cooking Contest'),
(7, 'Cocolympics - Bangus Deboning'),
(8, 'CocoZumba Dance Contest'),
(9, 'Old Photo Contest'),
(10, 'Painting Contest - Watercolor'),
(11, 'Painting Contest - Acrylic'),
(12, 'Declamation Contest - Elementary'),
(13, 'Oration Contest - High School'),
(14, 'Oration Contest - College'),
(15, 'Madulang Sabayang Pagbigkas'),
(16, 'Tagayan Dance Ritual Contest'),
(17, 'Lambanog Mixology'),
(18, 'Tagisan ng Talino - MLQ Quiz Bee - Elementary'),
(19, 'Tagisan ng Talino - MLQ Quiz Bee - Junior High School'),
(20, 'Tagisan ng Talino - MLQ Quiz Bee - Senior High School'),
(21, 'Agri-tourism Booth Competition'),
(22, 'Float Competition'),
(23, 'Niyogyugan Dance Showdown Competition');

-- --------------------------------------------------------

--
-- Table structure for table `list_of_activities`
--

CREATE TABLE `list_of_activities` (
  `a_id` int(11) NOT NULL COMMENT 'ID No.',
  `c_id` varchar(255) NOT NULL COMMENT 'Contest ID No.',
  `a_datetime` datetime NOT NULL COMMENT 'Activity Date and Time',
  `a_venue` varchar(255) NOT NULL COMMENT 'Activity Venue',
  `a_icon` varchar(255) NOT NULL COMMENT 'Activity Icon/Image',
  `a_guidelines` varchar(255) DEFAULT NULL COMMENT 'Activity Guidelines'
) ENGINE=InnoDB DEFAULT CHARSET=utf8;

--
-- Dumping data for table `list_of_activities`
--

INSERT INTO `list_of_activities` (`a_id`, `c_id`, `a_datetime`, `a_venue`, `a_icon`, `a_guidelines`) VALUES
(1, '1', '2024-08-09 17:00:00', 'Quezon Convention Center', '1_Ginoo.png', '2. GUIDELINES-G-AT-BB-NIYOGYUGAN-2024.pdf'),
(2, '2', '2024-08-09 17:00:00', 'Quezon Convention Center', '2_Binibini.png', '2. GUIDELINES-G-AT-BB-NIYOGYUGAN-2024.pdf'),
(3, '3', '2024-08-15 07:00:00', 'Quezon Convention Center', '3_CocoRelay.png', '12. COCOLYMPICS 2024 (Guidelines & Mechanics).pdf'),
(4, '4', '2024-08-15 07:00:00', 'Quezon Convention Center', '4_Lambanog_Relay.png', '12. COCOLYMPICS 2024 (Guidelines & Mechanics).pdf'),
(5, '5', '2024-08-15 07:00:00', 'Quezon Convention Center', '5_Game_knb.png', '12. COCOLYMPICS 2024 (Guidelines & Mechanics).pdf'),
(6, '6', '2024-08-15 07:00:00', 'Quezon Convention Center', '6_Cooking.png', '12. COCOLYMPICS 2024 (Guidelines & Mechanics).pdf'),
(7, '7', '2024-08-15 07:00:00', 'Quezon Convention Center', '7_Bangus.png', '12. COCOLYMPICS 2024 (Guidelines & Mechanics).pdf'),
(8, '8', '2024-08-12 17:00:00', 'Perez Park', '8_Zumba.png', 'Cocozumba 2024-GUIDELINES & ENRTRY FORM.pdf'),
(9, '9', '2024-08-09 08:00:00', 'Perez Park', '9_Old_pic.png', '7 OLD-PHOTO-CONTEST-GUIDELINES-MECHANICS.pdf'),
(10, '10', '2024-08-16 08:00:00', 'Festival Stage', '10_Paint_Watercolor.png', '6 PAINTING CONTEST- GUIDELINES & MECHANICS.pdf'),
(11, '11', '2024-08-16 08:00:00', 'Festival Stage', '11_Paint_Acrylic.png', '6 PAINTING CONTEST- GUIDELINES & MECHANICS.pdf'),
(12, '12', '2024-08-11 16:00:00', 'Festival Stage', '12_Declamation.png', '8 DECLAMATION - GUIDELINES 2024.pdf'),
(13, '13', '2024-08-11 16:00:00', 'Festival Stage', '13_Oration_High_School.png', '9 ORATION - GUIDELINES 2024.pdf'),
(14, '14', '2024-08-11 16:00:00', 'Festival Stage', '14_Oration_College.png', '9 ORATION - GUIDELINES 2024.pdf'),
(15, '15', '2024-08-11 16:00:00', 'Festival Stage', '15_Sabayang_Pagbigkas.png', '10 MADULANG SABAYANG PAGBIGKAS- GUIDELINES 2024.pdf'),
(16, '16', '2024-08-16 18:00:00', 'Festival Stage', '16_Tagayan.png', '11 Tagayan-Ritual-Dance-2024.pdf'),
(17, '17', '2024-08-14 16:00:00', 'Quezon Convention Center', '17_Lambanog_Mixology.png', 'Niyogyugan Festival 2024 Lambanog Mixology.pdf'),
(18, '18', '2024-08-13 08:00:00', 'STI College Lucena', '18_Tagisan_ng_Talino.png', '5 MLQ Quiz Bee TAGISAN NG TALINO_Mechanics 2024.pdf'),
(19, '19', '2024-08-13 08:00:00', 'STI College Lucena', '19_Tagisan_ng_Talino_JHS.png', '5 MLQ Quiz Bee TAGISAN NG TALINO_Mechanics 2024.pdf'),
(20, '20', '2024-08-13 08:00:00', 'STI College Lucena', '20_Tagisan_ng_Talino_SHS.png', '5 MLQ Quiz Bee TAGISAN NG TALINO_Mechanics 2024.pdf'),
(21, '21', '2024-08-19 13:00:00', 'Third Floor, Old Capitol', '21_Agri_tourism_booth.png', '1. Agri-Tourism Booth Guidelines.pdf'),
(22, '22', '2024-08-17 16:00:00', 'Assembly: Quezon Convention Center, End: Alcala Sports Complex', '22_Float_Compe.png', '4. Float Competition 2024 Mechanics and Guidelines.pdf'),
(23, '23', '2024-08-17 19:00:00', 'Alcala Sports Complex', '23_Dance_Showdown.png', '3 Sayaw-ng-Niyog-2024.pdf');

-- --------------------------------------------------------

--
-- Table structure for table `municipalities`
--

CREATE TABLE `municipalities` (
  `munic_id` int(11) NOT NULL COMMENT 'ID No.',
  `munic_name` varchar(255) NOT NULL COMMENT 'Municipality/City',
  `munic_dist` int(11) NOT NULL COMMENT 'District'
) ENGINE=InnoDB DEFAULT CHARSET=utf8;

--
-- Dumping data for table `municipalities`
--

INSERT INTO `municipalities` (`munic_id`, `munic_name`, `munic_dist`) VALUES
(1, 'AGDANGAN', 3),
(2, 'ALABAT', 4),
(3, 'ATIMONAN', 4),
(4, 'BUENAVISTA', 3),
(5, 'BURDEOS', 1),
(6, 'CALAUAG', 4),
(7, 'CANDELARIA', 2),
(8, 'CATANAUAN', 3),
(9, 'DOLORES', 2),
(10, 'GENERAL LUNA', 3),
(11, 'GENERAL NAKAR', 1),
(12, 'GUINAYANGAN', 4),
(13, 'GUMACA', 4),
(14, 'INFANTA', 1),
(15, 'JOMALIG', 1),
(16, 'LOPEZ', 4),
(17, 'LUCBAN', 1),
(18, 'LUCENA CITY', 2),
(19, 'MACALELON', 3),
(20, 'MAUBAN', 1),
(21, 'MULANAY', 3),
(22, 'PADRE BURGOS', 3),
(23, 'PAGBILAO', 1),
(24, 'PANUKULAN', 1),
(25, 'PATNANUNGAN', 1),
(26, 'PEREZ', 4),
(27, 'PITOGO', 3),
(28, 'PLARIDEL', 4),
(29, 'POLILLO', 1),
(30, 'QUEZON', 4),
(31, 'REAL', 1),
(32, 'SAMPALOC', 1),
(33, 'SAN ANDRES', 3),
(34, 'SAN ANTONIO', 2),
(35, 'SAN FRANCISCO', 3),
(36, 'SAN NARCISO', 3),
(37, 'SARIAYA', 2),
(38, 'TAGKAWAYAN', 4),
(39, 'TAYABAS CITY', 1),
(40, 'TIAONG', 2),
(41, 'UNISAN', 3);

-- --------------------------------------------------------

--
-- Table structure for table `registered_voters`
--

CREATE TABLE `registered_voters` (
  `ID` bigint(20) NOT NULL,
  `EMAIL` varchar(255) NOT NULL,
  `FULLNAME` longtext CHARACTER SET utf8mb4 COLLATE utf8mb4_bin NOT NULL,
  `CELLPHONE_NUMBER` varchar(11) NOT NULL,
  `SNS_ACCOUNT` longtext CHARACTER SET utf8mb4 COLLATE utf8mb4_bin NOT NULL,
  `AGREEMENT_TO_TERM_AND_CONDITIONS` tinyint(1) NOT NULL,
  `FLOAT_VOTE_CHOICES` longtext CHARACTER SET utf8mb4 COLLATE utf8mb4_bin NOT NULL,
  `DATE_REGISTERED` datetime NOT NULL
) ENGINE=InnoDB DEFAULT CHARSET=utf8;

-- --------------------------------------------------------

--
-- Table structure for table `scores`
--

CREATE TABLE `scores` (
  `s_id` int(11) NOT NULL COMMENT 'Record No.',
  `s_munic` varchar(255) NOT NULL COMMENT 'Municipality/City Identifier ID',
  `s_contest` varchar(255) NOT NULL COMMENT 'Contest Identifier ID',
  `s_score` int(11) NOT NULL COMMENT 'Actual Score (Points)'
) ENGINE=InnoDB DEFAULT CHARSET=utf8;

--
-- Dumping data for table `scores`
--

INSERT INTO `scores` (`s_id`, `s_munic`, `s_contest`, `s_score`) VALUES
(1, '1', '1', 0),
(2, '1', '2', 0),
(3, '1', '3', 0),
(4, '1', '4', 0),
(5, '1', '5', 0),
(6, '1', '6', 0),
(7, '1', '7', 0),
(8, '1', '8', 0),
(9, '1', '9', 0),
(10, '1', '10', 0),
(11, '1', '11', 0),
(12, '1', '12', 0),
(13, '1', '13', 0),
(14, '1', '14', 0),
(15, '1', '15', 0),
(16, '1', '16', 0),
(17, '1', '17', 0),
(18, '1', '18', 0),
(19, '1', '19', 0),
(20, '1', '20', 0),
(21, '1', '21', 0),
(22, '1', '22', 0),
(23, '1', '23', 0),
(24, '2', '1', 0),
(25, '2', '2', 0),
(26, '2', '3', 0),
(27, '2', '4', 0),
(28, '2', '5', 0),
(29, '2', '6', 0),
(30, '2', '7', 0),
(31, '2', '8', 0),
(32, '2', '9', 0),
(33, '2', '10', 0),
(34, '2', '11', 0),
(35, '2', '12', 0),
(36, '2', '13', 0),
(37, '2', '14', 0),
(38, '2', '15', 0),
(39, '2', '16', 0),
(40, '2', '17', 0),
(41, '2', '18', 0),
(42, '2', '19', 0),
(43, '2', '20', 0),
(44, '2', '21', 0),
(45, '2', '22', 0),
(46, '2', '23', 0),
(47, '3', '1', 0),
(48, '3', '2', 0),
(49, '3', '3', 0),
(50, '3', '4', 0),
(51, '3', '5', 0),
(52, '3', '6', 0),
(53, '3', '7', 0),
(54, '3', '8', 0),
(55, '3', '9', 0),
(56, '3', '10', 0),
(57, '3', '11', 0),
(58, '3', '12', 0),
(59, '3', '13', 0),
(60, '3', '14', 0),
(61, '3', '15', 0),
(62, '3', '16', 0),
(63, '3', '17', 0),
(64, '3', '18', 0),
(65, '3', '19', 0),
(66, '3', '20', 0),
(67, '3', '21', 0),
(68, '3', '22', 0),
(69, '3', '23', 0),
(70, '4', '1', 0),
(71, '4', '2', 0),
(72, '4', '3', 0),
(73, '4', '4', 0),
(74, '4', '5', 0),
(75, '4', '6', 0),
(76, '4', '7', 0),
(77, '4', '8', 0),
(78, '4', '9', 0),
(79, '4', '10', 0),
(80, '4', '11', 0),
(81, '4', '12', 0),
(82, '4', '13', 0),
(83, '4', '14', 0),
(84, '4', '15', 0),
(85, '4', '16', 0),
(86, '4', '17', 0),
(87, '4', '18', 0),
(88, '4', '19', 0),
(89, '4', '20', 0),
(90, '4', '21', 0),
(91, '4', '22', 0),
(92, '4', '23', 0),
(93, '5', '1', 0),
(94, '5', '2', 0),
(95, '5', '3', 0),
(96, '5', '4', 0),
(97, '5', '5', 0),
(98, '5', '6', 0),
(99, '5', '7', 0),
(100, '5', '8', 0),
(101, '5', '9', 0),
(102, '5', '10', 0),
(103, '5', '11', 0),
(104, '5', '12', 0),
(105, '5', '13', 0),
(106, '5', '14', 0),
(107, '5', '15', 0),
(108, '5', '16', 0),
(109, '5', '17', 0),
(110, '5', '18', 0),
(111, '5', '19', 0),
(112, '5', '20', 0),
(113, '5', '21', 0),
(114, '5', '22', 0),
(115, '5', '23', 0),
(116, '6', '1', 0),
(117, '6', '2', 0),
(118, '6', '3', 0),
(119, '6', '4', 0),
(120, '6', '5', 0),
(121, '6', '6', 0),
(122, '6', '7', 0),
(123, '6', '8', 0),
(124, '6', '9', 0),
(125, '6', '10', 0),
(126, '6', '11', 0),
(127, '6', '12', 0),
(128, '6', '13', 0),
(129, '6', '14', 0),
(130, '6', '15', 0),
(131, '6', '16', 0),
(132, '6', '17', 0),
(133, '6', '18', 0),
(134, '6', '19', 0),
(135, '6', '20', 0),
(136, '6', '21', 0),
(137, '6', '22', 0),
(138, '6', '23', 0),
(139, '7', '1', 0),
(140, '7', '2', 0),
(141, '7', '3', 0),
(142, '7', '4', 0),
(143, '7', '5', 0),
(144, '7', '6', 0),
(145, '7', '7', 0),
(146, '7', '8', 0),
(147, '7', '9', 0),
(148, '7', '10', 0),
(149, '7', '11', 0),
(150, '7', '12', 0),
(151, '7', '13', 0),
(152, '7', '14', 0),
(153, '7', '15', 0),
(154, '7', '16', 0),
(155, '7', '17', 0),
(156, '7', '18', 0),
(157, '7', '19', 0),
(158, '7', '20', 0),
(159, '7', '21', 0),
(160, '7', '22', 0),
(161, '7', '23', 0),
(162, '8', '1', 0),
(163, '8', '2', 0),
(164, '8', '3', 0),
(165, '8', '4', 0),
(166, '8', '5', 0),
(167, '8', '6', 0),
(168, '8', '7', 0),
(169, '8', '8', 0),
(170, '8', '9', 0),
(171, '8', '10', 0),
(172, '8', '11', 0),
(173, '8', '12', 0),
(174, '8', '13', 0),
(175, '8', '14', 0),
(176, '8', '15', 0),
(177, '8', '16', 0),
(178, '8', '17', 0),
(179, '8', '18', 0),
(180, '8', '19', 0),
(181, '8', '20', 0),
(182, '8', '21', 0),
(183, '8', '22', 0),
(184, '8', '23', 0),
(185, '9', '1', 0),
(186, '9', '2', 0),
(187, '9', '3', 0),
(188, '9', '4', 0),
(189, '9', '5', 0),
(190, '9', '6', 0),
(191, '9', '7', 0),
(192, '9', '8', 0),
(193, '9', '9', 0),
(194, '9', '10', 0),
(195, '9', '11', 0),
(196, '9', '12', 0),
(197, '9', '13', 0),
(198, '9', '14', 0),
(199, '9', '15', 0),
(200, '9', '16', 0),
(201, '9', '17', 0),
(202, '9', '18', 0),
(203, '9', '19', 0),
(204, '9', '20', 0),
(205, '9', '21', 0),
(206, '9', '22', 0),
(207, '9', '23', 0),
(208, '10', '1', 0),
(209, '10', '2', 0),
(210, '10', '3', 0),
(211, '10', '4', 0),
(212, '10', '5', 0),
(213, '10', '6', 0),
(214, '10', '7', 0),
(215, '10', '8', 0),
(216, '10', '9', 0),
(217, '10', '10', 0),
(218, '10', '11', 0),
(219, '10', '12', 0),
(220, '10', '13', 0),
(221, '10', '14', 0),
(222, '10', '15', 0),
(223, '10', '16', 0),
(224, '10', '17', 0),
(225, '10', '18', 0),
(226, '10', '19', 0),
(227, '10', '20', 0),
(228, '10', '21', 0),
(229, '10', '22', 0),
(230, '10', '23', 0),
(231, '11', '1', 0),
(232, '11', '2', 0),
(233, '11', '3', 0),
(234, '11', '4', 0),
(235, '11', '5', 0),
(236, '11', '6', 0),
(237, '11', '7', 0),
(238, '11', '8', 0),
(239, '11', '9', 0),
(240, '11', '10', 0),
(241, '11', '11', 0),
(242, '11', '12', 0),
(243, '11', '13', 0),
(244, '11', '14', 0),
(245, '11', '15', 0),
(246, '11', '16', 0),
(247, '11', '17', 0),
(248, '11', '18', 0),
(249, '11', '19', 0),
(250, '11', '20', 0),
(251, '11', '21', 0),
(252, '11', '22', 0),
(253, '11', '23', 0),
(254, '12', '1', 0),
(255, '12', '2', 0),
(256, '12', '3', 0),
(257, '12', '4', 0),
(258, '12', '5', 0),
(259, '12', '6', 0),
(260, '12', '7', 0),
(261, '12', '8', 0),
(262, '12', '9', 0),
(263, '12', '10', 0),
(264, '12', '11', 0),
(265, '12', '12', 0),
(266, '12', '13', 0),
(267, '12', '14', 0),
(268, '12', '15', 0),
(269, '12', '16', 0),
(270, '12', '17', 0),
(271, '12', '18', 0),
(272, '12', '19', 0),
(273, '12', '20', 0),
(274, '12', '21', 0),
(275, '12', '22', 0),
(276, '12', '23', 0),
(277, '13', '1', 0),
(278, '13', '2', 0),
(279, '13', '3', 0),
(280, '13', '4', 0),
(281, '13', '5', 0),
(282, '13', '6', 0),
(283, '13', '7', 0),
(284, '13', '8', 0),
(285, '13', '9', 0),
(286, '13', '10', 0),
(287, '13', '11', 0),
(288, '13', '12', 0),
(289, '13', '13', 0),
(290, '13', '14', 0),
(291, '13', '15', 0),
(292, '13', '16', 0),
(293, '13', '17', 0),
(294, '13', '18', 0),
(295, '13', '19', 0),
(296, '13', '20', 0),
(297, '13', '21', 0),
(298, '13', '22', 0),
(299, '13', '23', 0),
(300, '14', '1', 0),
(301, '14', '2', 0),
(302, '14', '3', 0),
(303, '14', '4', 0),
(304, '14', '5', 0),
(305, '14', '6', 0),
(306, '14', '7', 0),
(307, '14', '8', 0),
(308, '14', '9', 0),
(309, '14', '10', 0),
(310, '14', '11', 0),
(311, '14', '12', 0),
(312, '14', '13', 0),
(313, '14', '14', 0),
(314, '14', '15', 0),
(315, '14', '16', 0),
(316, '14', '17', 0),
(317, '14', '18', 0),
(318, '14', '19', 0),
(319, '14', '20', 0),
(320, '14', '21', 0),
(321, '14', '22', 0),
(322, '14', '23', 0),
(323, '15', '1', 0),
(324, '15', '2', 0),
(325, '15', '3', 0),
(326, '15', '4', 0),
(327, '15', '5', 0),
(328, '15', '6', 0),
(329, '15', '7', 0),
(330, '15', '8', 0),
(331, '15', '9', 0),
(332, '15', '10', 0),
(333, '15', '11', 0),
(334, '15', '12', 0),
(335, '15', '13', 0),
(336, '15', '14', 0),
(337, '15', '15', 0),
(338, '15', '16', 0),
(339, '15', '17', 0),
(340, '15', '18', 0),
(341, '15', '19', 0),
(342, '15', '20', 0),
(343, '15', '21', 0),
(344, '15', '22', 0),
(345, '15', '23', 0),
(346, '16', '1', 0),
(347, '16', '2', 0),
(348, '16', '3', 0),
(349, '16', '4', 0),
(350, '16', '5', 0),
(351, '16', '6', 0),
(352, '16', '7', 0),
(353, '16', '8', 0),
(354, '16', '9', 0),
(355, '16', '10', 0),
(356, '16', '11', 0),
(357, '16', '12', 0),
(358, '16', '13', 0),
(359, '16', '14', 0),
(360, '16', '15', 0),
(361, '16', '16', 0),
(362, '16', '17', 0),
(363, '16', '18', 0),
(364, '16', '19', 0),
(365, '16', '20', 0),
(366, '16', '21', 0),
(367, '16', '22', 0),
(368, '16', '23', 0),
(369, '17', '1', 0),
(370, '17', '2', 0),
(371, '17', '3', 0),
(372, '17', '4', 0),
(373, '17', '5', 0),
(374, '17', '6', 0),
(375, '17', '7', 0),
(376, '17', '8', 0),
(377, '17', '9', 0),
(378, '17', '10', 0),
(379, '17', '11', 0),
(380, '17', '12', 0),
(381, '17', '13', 0),
(382, '17', '14', 0),
(383, '17', '15', 0),
(384, '17', '16', 0),
(385, '17', '17', 0),
(386, '17', '18', 0),
(387, '17', '19', 0),
(388, '17', '20', 0),
(389, '17', '21', 0),
(390, '17', '22', 0),
(391, '17', '23', 0),
(392, '18', '1', 0),
(393, '18', '2', 0),
(394, '18', '3', 0),
(395, '18', '4', 0),
(396, '18', '5', 0),
(397, '18', '6', 0),
(398, '18', '7', 0),
(399, '18', '8', 0),
(400, '18', '9', 0),
(401, '18', '10', 0),
(402, '18', '11', 0),
(403, '18', '12', 0),
(404, '18', '13', 0),
(405, '18', '14', 0),
(406, '18', '15', 0),
(407, '18', '16', 0),
(408, '18', '17', 0),
(409, '18', '18', 0),
(410, '18', '19', 0),
(411, '18', '20', 0),
(412, '18', '21', 0),
(413, '18', '22', 0),
(414, '18', '23', 0),
(415, '19', '1', 0),
(416, '19', '2', 0),
(417, '19', '3', 0),
(418, '19', '4', 0),
(419, '19', '5', 0),
(420, '19', '6', 0),
(421, '19', '7', 0),
(422, '19', '8', 0),
(423, '19', '9', 0),
(424, '19', '10', 0),
(425, '19', '11', 0),
(426, '19', '12', 0),
(427, '19', '13', 0),
(428, '19', '14', 0),
(429, '19', '15', 0),
(430, '19', '16', 0),
(431, '19', '17', 0),
(432, '19', '18', 0),
(433, '19', '19', 0),
(434, '19', '20', 0),
(435, '19', '21', 0),
(436, '19', '22', 0),
(437, '19', '23', 0),
(438, '20', '1', 0),
(439, '20', '2', 0),
(440, '20', '3', 0),
(441, '20', '4', 0),
(442, '20', '5', 0),
(443, '20', '6', 0),
(444, '20', '7', 0),
(445, '20', '8', 0),
(446, '20', '9', 0),
(447, '20', '10', 0),
(448, '20', '11', 0),
(449, '20', '12', 0),
(450, '20', '13', 0),
(451, '20', '14', 0),
(452, '20', '15', 0),
(453, '20', '16', 0),
(454, '20', '17', 0),
(455, '20', '18', 0),
(456, '20', '19', 0),
(457, '20', '20', 0),
(458, '20', '21', 0),
(459, '20', '22', 0),
(460, '20', '23', 0),
(461, '21', '1', 0),
(462, '21', '2', 0),
(463, '21', '3', 0),
(464, '21', '4', 0),
(465, '21', '5', 0),
(466, '21', '6', 0),
(467, '21', '7', 0),
(468, '21', '8', 0),
(469, '21', '9', 0),
(470, '21', '10', 0),
(471, '21', '11', 0),
(472, '21', '12', 0),
(473, '21', '13', 0),
(474, '21', '14', 0),
(475, '21', '15', 0),
(476, '21', '16', 0),
(477, '21', '17', 0),
(478, '21', '18', 0),
(479, '21', '19', 0),
(480, '21', '20', 0),
(481, '21', '21', 0),
(482, '21', '22', 0),
(483, '21', '23', 0),
(484, '22', '1', 0),
(485, '22', '2', 0),
(486, '22', '3', 0),
(487, '22', '4', 0),
(488, '22', '5', 0),
(489, '22', '6', 0),
(490, '22', '7', 0),
(491, '22', '8', 0),
(492, '22', '9', 0),
(493, '22', '10', 0),
(494, '22', '11', 0),
(495, '22', '12', 0),
(496, '22', '13', 0),
(497, '22', '14', 0),
(498, '22', '15', 0),
(499, '22', '16', 0),
(500, '22', '17', 0),
(501, '22', '18', 0),
(502, '22', '19', 0),
(503, '22', '20', 0),
(504, '22', '21', 0),
(505, '22', '22', 0),
(506, '22', '23', 0),
(507, '23', '1', 0),
(508, '23', '2', 0),
(509, '23', '3', 0),
(510, '23', '4', 0),
(511, '23', '5', 0),
(512, '23', '6', 0),
(513, '23', '7', 0),
(514, '23', '8', 0),
(515, '23', '9', 0),
(516, '23', '10', 0),
(517, '23', '11', 0),
(518, '23', '12', 0),
(519, '23', '13', 0),
(520, '23', '14', 0),
(521, '23', '15', 0),
(522, '23', '16', 0),
(523, '23', '17', 0),
(524, '23', '18', 0),
(525, '23', '19', 0),
(526, '23', '20', 0),
(527, '23', '21', 0),
(528, '23', '22', 0),
(529, '23', '23', 0),
(530, '24', '1', 0),
(531, '24', '2', 0),
(532, '24', '3', 0),
(533, '24', '4', 0),
(534, '24', '5', 0),
(535, '24', '6', 0),
(536, '24', '7', 0),
(537, '24', '8', 0),
(538, '24', '9', 0),
(539, '24', '10', 0),
(540, '24', '11', 0),
(541, '24', '12', 0),
(542, '24', '13', 0),
(543, '24', '14', 0),
(544, '24', '15', 0),
(545, '24', '16', 0),
(546, '24', '17', 0),
(547, '24', '18', 0),
(548, '24', '19', 0),
(549, '24', '20', 0),
(550, '24', '21', 0),
(551, '24', '22', 0),
(552, '24', '23', 0),
(553, '25', '1', 0),
(554, '25', '2', 0),
(555, '25', '3', 0),
(556, '25', '4', 0),
(557, '25', '5', 0),
(558, '25', '6', 0),
(559, '25', '7', 0),
(560, '25', '8', 0),
(561, '25', '9', 0),
(562, '25', '10', 0),
(563, '25', '11', 0),
(564, '25', '12', 0),
(565, '25', '13', 0),
(566, '25', '14', 0),
(567, '25', '15', 0),
(568, '25', '16', 0),
(569, '25', '17', 0),
(570, '25', '18', 0),
(571, '25', '19', 0),
(572, '25', '20', 0),
(573, '25', '21', 0),
(574, '25', '22', 0),
(575, '25', '23', 0),
(576, '26', '1', 0),
(577, '26', '2', 0),
(578, '26', '3', 0),
(579, '26', '4', 0),
(580, '26', '5', 0),
(581, '26', '6', 0),
(582, '26', '7', 0),
(583, '26', '8', 0),
(584, '26', '9', 0),
(585, '26', '10', 0),
(586, '26', '11', 0),
(587, '26', '12', 0),
(588, '26', '13', 0),
(589, '26', '14', 0),
(590, '26', '15', 0),
(591, '26', '16', 0),
(592, '26', '17', 0),
(593, '26', '18', 0),
(594, '26', '19', 0),
(595, '26', '20', 0),
(596, '26', '21', 0),
(597, '26', '22', 0),
(598, '26', '23', 0),
(599, '27', '1', 0),
(600, '27', '2', 0),
(601, '27', '3', 0),
(602, '27', '4', 0),
(603, '27', '5', 0),
(604, '27', '6', 0),
(605, '27', '7', 0),
(606, '27', '8', 0),
(607, '27', '9', 0),
(608, '27', '10', 0),
(609, '27', '11', 0),
(610, '27', '12', 0),
(611, '27', '13', 0),
(612, '27', '14', 0),
(613, '27', '15', 0),
(614, '27', '16', 0),
(615, '27', '17', 0),
(616, '27', '18', 0),
(617, '27', '19', 0),
(618, '27', '20', 0),
(619, '27', '21', 0),
(620, '27', '22', 0),
(621, '27', '23', 0),
(622, '28', '1', 0),
(623, '28', '2', 0),
(624, '28', '3', 0),
(625, '28', '4', 0),
(626, '28', '5', 0),
(627, '28', '6', 0),
(628, '28', '7', 0),
(629, '28', '8', 0),
(630, '28', '9', 0),
(631, '28', '10', 0),
(632, '28', '11', 0),
(633, '28', '12', 0),
(634, '28', '13', 0),
(635, '28', '14', 0),
(636, '28', '15', 0),
(637, '28', '16', 0),
(638, '28', '17', 0),
(639, '28', '18', 0),
(640, '28', '19', 0),
(641, '28', '20', 0),
(642, '28', '21', 0),
(643, '28', '22', 0),
(644, '28', '23', 0),
(645, '29', '1', 0),
(646, '29', '2', 0),
(647, '29', '3', 0),
(648, '29', '4', 0),
(649, '29', '5', 0),
(650, '29', '6', 0),
(651, '29', '7', 0),
(652, '29', '8', 0),
(653, '29', '9', 0),
(654, '29', '10', 0),
(655, '29', '11', 0),
(656, '29', '12', 0),
(657, '29', '13', 0),
(658, '29', '14', 0),
(659, '29', '15', 0),
(660, '29', '16', 0),
(661, '29', '17', 0),
(662, '29', '18', 0),
(663, '29', '19', 0),
(664, '29', '20', 0),
(665, '29', '21', 0),
(666, '29', '22', 0),
(667, '29', '23', 0),
(668, '30', '1', 0),
(669, '30', '2', 0),
(670, '30', '3', 0),
(671, '30', '4', 0),
(672, '30', '5', 0),
(673, '30', '6', 0),
(674, '30', '7', 0),
(675, '30', '8', 0),
(676, '30', '9', 0),
(677, '30', '10', 0),
(678, '30', '11', 0),
(679, '30', '12', 0),
(680, '30', '13', 0),
(681, '30', '14', 0),
(682, '30', '15', 0),
(683, '30', '16', 0),
(684, '30', '17', 0),
(685, '30', '18', 0),
(686, '30', '19', 0),
(687, '30', '20', 0),
(688, '30', '21', 0),
(689, '30', '22', 0),
(690, '30', '23', 0),
(691, '31', '1', 0),
(692, '31', '2', 0),
(693, '31', '3', 0),
(694, '31', '4', 0),
(695, '31', '5', 0),
(696, '31', '6', 0),
(697, '31', '7', 0),
(698, '31', '8', 0),
(699, '31', '9', 0),
(700, '31', '10', 0),
(701, '31', '11', 0),
(702, '31', '12', 0),
(703, '31', '13', 0),
(704, '31', '14', 0),
(705, '31', '15', 0),
(706, '31', '16', 0),
(707, '31', '17', 0),
(708, '31', '18', 0),
(709, '31', '19', 0),
(710, '31', '20', 0),
(711, '31', '21', 0),
(712, '31', '22', 0),
(713, '31', '23', 0),
(714, '32', '1', 0),
(715, '32', '2', 0),
(716, '32', '3', 0),
(717, '32', '4', 0),
(718, '32', '5', 0),
(719, '32', '6', 0),
(720, '32', '7', 0),
(721, '32', '8', 0),
(722, '32', '9', 0),
(723, '32', '10', 0),
(724, '32', '11', 0),
(725, '32', '12', 0),
(726, '32', '13', 0),
(727, '32', '14', 0),
(728, '32', '15', 0),
(729, '32', '16', 0),
(730, '32', '17', 0),
(731, '32', '18', 0),
(732, '32', '19', 0),
(733, '32', '20', 0),
(734, '32', '21', 0),
(735, '32', '22', 0),
(736, '32', '23', 0),
(737, '33', '1', 0),
(738, '33', '2', 0),
(739, '33', '3', 0),
(740, '33', '4', 0),
(741, '33', '5', 0),
(742, '33', '6', 0),
(743, '33', '7', 0),
(744, '33', '8', 0),
(745, '33', '9', 0),
(746, '33', '10', 0),
(747, '33', '11', 0),
(748, '33', '12', 0),
(749, '33', '13', 0),
(750, '33', '14', 0),
(751, '33', '15', 0),
(752, '33', '16', 0),
(753, '33', '17', 0),
(754, '33', '18', 0),
(755, '33', '19', 0),
(756, '33', '20', 0),
(757, '33', '21', 0),
(758, '33', '22', 0),
(759, '33', '23', 0),
(760, '34', '1', 0),
(761, '34', '2', 0),
(762, '34', '3', 0),
(763, '34', '4', 0),
(764, '34', '5', 0),
(765, '34', '6', 0),
(766, '34', '7', 0),
(767, '34', '8', 0),
(768, '34', '9', 0),
(769, '34', '10', 0),
(770, '34', '11', 0),
(771, '34', '12', 0),
(772, '34', '13', 0),
(773, '34', '14', 0),
(774, '34', '15', 0),
(775, '34', '16', 0),
(776, '34', '17', 0),
(777, '34', '18', 0),
(778, '34', '19', 0),
(779, '34', '20', 0),
(780, '34', '21', 0),
(781, '34', '22', 0),
(782, '34', '23', 0),
(783, '35', '1', 0),
(784, '35', '2', 0),
(785, '35', '3', 0),
(786, '35', '4', 0),
(787, '35', '5', 0),
(788, '35', '6', 0),
(789, '35', '7', 0),
(790, '35', '8', 0),
(791, '35', '9', 0),
(792, '35', '10', 0),
(793, '35', '11', 0),
(794, '35', '12', 0),
(795, '35', '13', 0),
(796, '35', '14', 0),
(797, '35', '15', 0),
(798, '35', '16', 0),
(799, '35', '17', 0),
(800, '35', '18', 0),
(801, '35', '19', 0),
(802, '35', '20', 0),
(803, '35', '21', 0),
(804, '35', '22', 0),
(805, '35', '23', 0),
(806, '36', '1', 0),
(807, '36', '2', 0),
(808, '36', '3', 0),
(809, '36', '4', 0),
(810, '36', '5', 0),
(811, '36', '6', 0),
(812, '36', '7', 0),
(813, '36', '8', 0),
(814, '36', '9', 0),
(815, '36', '10', 0),
(816, '36', '11', 0),
(817, '36', '12', 0),
(818, '36', '13', 0),
(819, '36', '14', 0),
(820, '36', '15', 0),
(821, '36', '16', 0),
(822, '36', '17', 0),
(823, '36', '18', 0),
(824, '36', '19', 0),
(825, '36', '20', 0),
(826, '36', '21', 0),
(827, '36', '22', 0),
(828, '36', '23', 0),
(829, '37', '1', 0),
(830, '37', '2', 0),
(831, '37', '3', 0),
(832, '37', '4', 0),
(833, '37', '5', 0),
(834, '37', '6', 0),
(835, '37', '7', 0),
(836, '37', '8', 0),
(837, '37', '9', 0),
(838, '37', '10', 0),
(839, '37', '11', 0),
(840, '37', '12', 0),
(841, '37', '13', 0),
(842, '37', '14', 0),
(843, '37', '15', 0),
(844, '37', '16', 0),
(845, '37', '17', 0),
(846, '37', '18', 0),
(847, '37', '19', 0),
(848, '37', '20', 0),
(849, '37', '21', 0),
(850, '37', '22', 0),
(851, '37', '23', 0),
(852, '38', '1', 0),
(853, '38', '2', 0),
(854, '38', '3', 0),
(855, '38', '4', 0),
(856, '38', '5', 0),
(857, '38', '6', 0),
(858, '38', '7', 0),
(859, '38', '8', 0),
(860, '38', '9', 0),
(861, '38', '10', 0),
(862, '38', '11', 0),
(863, '38', '12', 0),
(864, '38', '13', 0),
(865, '38', '14', 0),
(866, '38', '15', 0),
(867, '38', '16', 0),
(868, '38', '17', 0),
(869, '38', '18', 0),
(870, '38', '19', 0),
(871, '38', '20', 0),
(872, '38', '21', 0),
(873, '38', '22', 0),
(874, '38', '23', 0),
(875, '39', '1', 0),
(876, '39', '2', 0),
(877, '39', '3', 0),
(878, '39', '4', 0),
(879, '39', '5', 0),
(880, '39', '6', 0),
(881, '39', '7', 0),
(882, '39', '8', 0),
(883, '39', '9', 0),
(884, '39', '10', 0),
(885, '39', '11', 0),
(886, '39', '12', 0),
(887, '39', '13', 0),
(888, '39', '14', 0),
(889, '39', '15', 0),
(890, '39', '16', 0),
(891, '39', '17', 0),
(892, '39', '18', 0),
(893, '39', '19', 0),
(894, '39', '20', 0),
(895, '39', '21', 0),
(896, '39', '22', 0),
(897, '39', '23', 0),
(898, '40', '1', 0),
(899, '40', '2', 0),
(900, '40', '3', 0),
(901, '40', '4', 0),
(902, '40', '5', 0),
(903, '40', '6', 0),
(904, '40', '7', 0),
(905, '40', '8', 0),
(906, '40', '9', 0),
(907, '40', '10', 0),
(908, '40', '11', 0),
(909, '40', '12', 0),
(910, '40', '13', 0),
(911, '40', '14', 0),
(912, '40', '15', 0),
(913, '40', '16', 0),
(914, '40', '17', 0),
(915, '40', '18', 0),
(916, '40', '19', 0),
(917, '40', '20', 0),
(918, '40', '21', 0),
(919, '40', '22', 0),
(920, '40', '23', 0),
(921, '41', '1', 0),
(922, '41', '2', 0),
(923, '41', '3', 0),
(924, '41', '4', 0),
(925, '41', '5', 0),
(926, '41', '6', 0),
(927, '41', '7', 0),
(928, '41', '8', 0),
(929, '41', '9', 0),
(930, '41', '10', 0),
(931, '41', '11', 0),
(932, '41', '12', 0),
(933, '41', '13', 0),
(934, '41', '14', 0),
(935, '41', '15', 0),
(936, '41', '16', 0),
(937, '41', '17', 0),
(938, '41', '18', 0),
(939, '41', '19', 0),
(940, '41', '20', 0),
(941, '41', '21', 0),
(942, '41', '22', 0),
(943, '41', '23', 0);

-- --------------------------------------------------------

--
-- Table structure for table `users`
--

CREATE TABLE `users` (
  `id_no` int(11) NOT NULL COMMENT 'ID No.',
  `username` varchar(50) NOT NULL COMMENT 'Username',
  `password` varchar(255) NOT NULL COMMENT 'Password',
  `fullname` varchar(255) NOT NULL COMMENT 'Full Name',
  `reg_date` datetime NOT NULL DEFAULT current_timestamp() COMMENT 'Date Registered',
  `profile_pic` varchar(100) NOT NULL COMMENT 'Profile Picture',
  `permission` longtext CHARACTER SET utf8mb4 COLLATE utf8mb4_bin NOT NULL COMMENT 'Account Permission',
  `sign_key` varchar(100) CHARACTER SET utf8mb4 COLLATE utf8mb4_unicode_ci NOT NULL COMMENT 'JWT Signature(base64 encode of username)',
  `attempt_count` int(11) NOT NULL DEFAULT 0 COMMENT 'Sign In Attempts',
  `active` tinyint(1) NOT NULL DEFAULT 1 COMMENT 'Active Account(1=true, 0=false)'
) ENGINE=InnoDB DEFAULT CHARSET=utf8;

--
-- Dumping data for table `users`
--

INSERT INTO `users` (`id_no`, `username`, `password`, `fullname`, `reg_date`, `profile_pic`, `permission`, `sign_key`, `attempt_count`, `active`) VALUES
(1, '12296', '$2y$10$bEk3bGJxNXdzZW84ZDF6S.z3OJuMmAo.BkaIaLe5HNymQx6Vyvtqe', 'IVAN DAVID DIONCO', '2024-02-26 09:04:43', 'blaziken.jpg', '[1,1.01,1.02,1.03,2,3,3.01,3.02,3.03,4,4.01,4.02,5]', 'sehFWlMOO6xOv66w+NA/9yv5RRhjoM/Y192GYWM+aJLa/sAMsNGa8z5QKKgOHmRpbYOiCTTYH435CQ==', 0, 1),
(10, '9999', '$2y$10$QXB5aDlWRkhzdEFGVzZCbOUJUUh01PAm3BosJTNMjT5aHVR7bMhvK', 'LENEY C. LAYGO', '2024-08-02 09:08:22', 'no_picture', '[1,1.01,1.02,1.03,2,3,4,4.01,4.02,5]', 'Yg9kI+yK17eeaIJg1zfD9T9XfGNPDWxdNALMIiqhNtHl8ubh1vEiI+EQfhKpliPhGGXnIw==', 0, 1),
(12, '12297', '$2y$10$NWowWUpLVmROWStPVnNOVOqJkHWL72Hm4BozaqJqePLNwp37jgFXu', '12297', '2024-08-06 15:37:22', 'PICTO_logo.jpg', '[1,1.01,1.02,1.03,2]', 'yqcU2LS2DoGGFJtF63DWopi30TTZ3AL4zvuisDZbv3ahfrGat5MnDVVjUBUQQtwWXz9bnQM=', 0, 1),
(13, '12298', '$2y$10$c3FVbEtIMTJHOEIwMFhkcuC5X4/Y/F.trT3rUcKU/i92ZpkqMLGo.', '12298', '2024-08-06 15:39:33', 'sample_blue.jpg', '[2,1,1.01,1.02,1.03,4,4.01,4.02,3,3.01,3.02,3.03,3.04,3.05,5,5.01]', 'OwrYsOL6g3SSjFzq99XXt/4buVSca1RaAmfmJFq0psXzKVTVcJ7B4N0kVSj66nKaNyup8Uk=', 0, 1);

--
-- Indexes for dumped tables
--

--
-- Indexes for table `account_activity_logs`
--
ALTER TABLE `account_activity_logs`
  ADD PRIMARY KEY (`log_id`);

--
-- Indexes for table `contests`
--
ALTER TABLE `contests`
  ADD PRIMARY KEY (`c_id`);

--
-- Indexes for table `list_of_activities`
--
ALTER TABLE `list_of_activities`
  ADD PRIMARY KEY (`a_id`);

--
-- Indexes for table `municipalities`
--
ALTER TABLE `municipalities`
  ADD PRIMARY KEY (`munic_id`);

--
-- Indexes for table `registered_voters`
--
ALTER TABLE `registered_voters`
  ADD PRIMARY KEY (`ID`),
  ADD UNIQUE KEY `EMAIL` (`EMAIL`);

--
-- Indexes for table `scores`
--
ALTER TABLE `scores`
  ADD PRIMARY KEY (`s_id`);

--
-- Indexes for table `users`
--
ALTER TABLE `users`
  ADD PRIMARY KEY (`id_no`),
  ADD KEY `username` (`password`,`fullname`,`active`),
  ADD KEY `username_2` (`username`);

--
-- AUTO_INCREMENT for dumped tables
--

--
-- AUTO_INCREMENT for table `account_activity_logs`
--
ALTER TABLE `account_activity_logs`
  MODIFY `log_id` bigint(20) NOT NULL AUTO_INCREMENT COMMENT 'ID No.', AUTO_INCREMENT=78;

--
-- AUTO_INCREMENT for table `contests`
--
ALTER TABLE `contests`
  MODIFY `c_id` int(11) NOT NULL AUTO_INCREMENT COMMENT 'ID No.', AUTO_INCREMENT=24;

--
-- AUTO_INCREMENT for table `list_of_activities`
--
ALTER TABLE `list_of_activities`
  MODIFY `a_id` int(11) NOT NULL AUTO_INCREMENT COMMENT 'ID No.', AUTO_INCREMENT=24;

--
-- AUTO_INCREMENT for table `municipalities`
--
ALTER TABLE `municipalities`
  MODIFY `munic_id` int(11) NOT NULL AUTO_INCREMENT COMMENT 'ID No.', AUTO_INCREMENT=42;

--
-- AUTO_INCREMENT for table `registered_voters`
--
ALTER TABLE `registered_voters`
  MODIFY `ID` bigint(20) NOT NULL AUTO_INCREMENT;

--
-- AUTO_INCREMENT for table `scores`
--
ALTER TABLE `scores`
  MODIFY `s_id` int(11) NOT NULL AUTO_INCREMENT COMMENT 'Record No.', AUTO_INCREMENT=944;

--
-- AUTO_INCREMENT for table `users`
--
ALTER TABLE `users`
  MODIFY `id_no` int(11) NOT NULL AUTO_INCREMENT COMMENT 'ID No.', AUTO_INCREMENT=14;
COMMIT;

/*!40101 SET CHARACTER_SET_CLIENT=@OLD_CHARACTER_SET_CLIENT */;
/*!40101 SET CHARACTER_SET_RESULTS=@OLD_CHARACTER_SET_RESULTS */;
/*!40101 SET COLLATION_CONNECTION=@OLD_COLLATION_CONNECTION */;
